{
  "timestamp": "2026-02-17 15:45:56",
  "baseline": {
    "model_path": "/workspace/models/base_model",
    "benchmark_scores": {
      "gsm8k": 0.1,
      "mmlu": 0.2982456140350877,
      "translation_ko2en": 0.5619702577964035,
      "translation_en2ko": 0.3146169599895212,
      "summarization": 0.4569611259137802
    },
    "avg_accuracy": 0.34635879154695853,
    "time_per_token_ms": 1.033883140479361,
    "tokens_per_sec": 967.2273014688574,
    "total_tokens": 1502,
    "total_time_sec": 1.5528924770000003,
    "num_parameters": 0,
    "model_size_mb": 2440.28214263916
  },
  "models": [
    {
      "model_path": "/workspace/models/quantized/kvcache8bit",
      "avg_accuracy": 0.34621212883020824,
      "perf_norm": 0.9995765584118849,
      "time_per_token_ms": 0.7327897388663728,
      "speed_norm": 0.29122575833220943,
      "score": 0.6454011583720471,
      "benchmark_details": {
        "gsm8k": 0.2,
        "mmlu": 0.2736842105263158,
        "translation_ko2en": 0.5825248650392474,
        "translation_en2ko": 0.22505930282477618,
        "summarization": 0.44979226576070197
      }
    }
  ],
  "ranking": [
    {
      "rank": 1,
      "model": "kvcache8bit",
      "score": 0.6454011583720471
    }
  ]
}