{
  "timestamp": "2026-02-13 22:14:00",
  "baseline": {
    "model_path": "/workspace/models/base_model",
    "benchmark_scores": {
      "gsm8k": 0.0,
      "mmlu": 0.2982456140350877,
      "translation_ko2en": 0.6152048397340605,
      "translation_en2ko": 0.38343093313989385,
      "summarization": 0.5082544237207078
    },
    "avg_accuracy": 0.36102716212595,
    "time_per_token_ms": 1.0450163388816192,
    "tokens_per_sec": 956.9228372737256,
    "total_tokens": 1502,
    "total_time_sec": 1.5696145410001918,
    "num_parameters": 0,
    "model_size_mb": 2440.28214263916
  },
  "models": [
    {
      "model_path": "/workspace/models/quantized/actorder_static",
      "avg_accuracy": 0.360543234875771,
      "perf_norm": 0.9986595821562861,
      "time_per_token_ms": 0.5109492044089783,
      "speed_norm": 0.5110610376142077,
      "score": 0.7548603098852469,
      "benchmark_details": {
        "gsm8k": 0.2,
        "mmlu": 0.24210526315789474,
        "translation_ko2en": 0.6152048397340605,
        "translation_en2ko": 0.19430270331036087,
        "summarization": 0.5511033681765389
      }
    },
    {
      "model_path": "/workspace/models/quantized/actorder_dynamic",
      "avg_accuracy": 0.3634533695380161,
      "perf_norm": 1.0067202905116033,
      "time_per_token_ms": 0.5435772001318648,
      "speed_norm": 0.4798385633725082,
      "score": 0.7432794269420557,
      "benchmark_details": {
        "gsm8k": 0.0,
        "mmlu": 0.26666666666666666,
        "translation_ko2en": 0.708769661166351,
        "translation_en2ko": 0.3096335501600931,
        "summarization": 0.5321969696969697
      }
    },
    {
      "model_path": "/workspace/models/quantized/actorder_static2",
      "avg_accuracy": 0.3417609884959548,
      "perf_norm": 0.9466351132237694,
      "time_per_token_ms": 0.5081699441120312,
      "speed_norm": 0.5137205752630847,
      "score": 0.730177844243427,
      "benchmark_details": {
        "gsm8k": 0.0,
        "mmlu": 0.256140350877193,
        "translation_ko2en": 0.613320830180229,
        "translation_en2ko": 0.3330022980077178,
        "summarization": 0.5063414634146342
      }
    },
    {
      "model_path": "/workspace/models/quantized/actorder_weight",
      "avg_accuracy": 0.3191035944559387,
      "perf_norm": 0.8838769708541055,
      "time_per_token_ms": 0.5030345223977545,
      "speed_norm": 0.5186347775805074,
      "score": 0.7012558742173065,
      "benchmark_details": {
        "gsm8k": 0.0,
        "mmlu": 0.2807017543859649,
        "translation_ko2en": 0.6152048397340605,
        "translation_en2ko": 0.24513775975506744,
        "summarization": 0.4544736184046011
      }
    }
  ],
  "ranking": [
    {
      "rank": 1,
      "model": "actorder_static",
      "score": 0.7548603098852469
    },
    {
      "rank": 2,
      "model": "actorder_dynamic",
      "score": 0.7432794269420557
    },
    {
      "rank": 3,
      "model": "actorder_static2",
      "score": 0.730177844243427
    },
    {
      "rank": 4,
      "model": "actorder_weight",
      "score": 0.7012558742173065
    }
  ]
}